,date,1,2,3,4,5,6,7,8,9,10,11,12,13,14,15,16,17,18,19,20,21,22,23,24,25,26,27,28,29,30,31,32,33,34,35,36,37,38,39,40,41,42,43,44,45,46,47,48,49,50,51,52,53,54,55
count,335,335.0,335.0,335.0,335.0,335.0,335.0,335.0,335.0,335.0,335.0,335.0,335.0,335.0,335.0,335.0,335.0,335.0,335.0,335.0,335.0,335.0,335.0,335.0,335.0,335.0,335.0,335.0,335.0,335.0,335.0,335.0,335.0,335.0,335.0,335.0,335.0,335.0,335.0,335.0,335.0,335.0,335.0,335.0,335.0,335.0,335.0,335.0,335.0,335.0,335.0,335.0,335.0,335.0,335.0,335.0
unique,335,,,,,,,,,,,,,,,,,,,,,,,,,,,,,,,,,,,,,,,,,,,,,,,,,,,,,,,
top,2020/2/1,,,,,,,,,,,,,,,,,,,,,,,,,,,,,,,,,,,,,,,,,,,,,,,,,,,,,,,
freq,1,,,,,,,,,,,,,,,,,,,,,,,,,,,,,,,,,,,,,,,,,,,,,,,,,,,,,,,
mean,,151.2268656716418,2.02089552238806,16.37313432835821,1.364179104477612,2.2597014925373133,75.90149253731343,0.6955223880597015,5.334328358208955,168.57611940298509,0.9850746268656716,4.405970149253731,52.0955223880597,7.122388059701493,111.03880597014926,31.170149253731342,1.7313432835820894,0.9641791044776119,1849.089552238806,19.65671641791045,14.385074626865672,0.31044776119402984,3.71044776119403,17.943283582089553,0.19701492537313434,0.7880597014925373,36.450746268656715,5.901492537313433,4.737313432835821,431.14328358208957,55.28358208955224,0.31044776119402984,368.46268656716416,158.94328358208955,2.352238805970149,407.2835820895522,365.2716417910448,72.67462686567164,99.63283582089552,10.265671641791045,50.05373134328358,40.8955223880597,151.64776119402984,15.582089552238806,10.913432835820895,1.8805970149253732,40.84776119402985,30.34626865671642,117.3223880597015,2.773134328358209,0.2,56.73134328358209,2.0955223880597016,79.17611940298508,6.829850746268657,14.188059701492538
std,,104.06839008554363,3.1664661971469874,21.20659414795675,2.0011749163103794,3.2658668279909113,60.14174248708154,1.1747636831821204,7.826057202000496,156.00836582200571,2.6878109056393895,3.6578142338240944,44.39226827821458,28.259701428341714,98.56507160189857,26.5901078749975,1.9605548031857143,1.8584409708347047,1528.3867285331899,18.845695706734666,10.704708988587326,0.6871651233103107,4.572409260512036,17.98068844206134,0.48633117189688985,3.652557236742848,40.57413327919136,5.878446690258712,8.700072885318201,436.3405084204158,54.09954397024896,0.9441173567628026,324.3999678982744,143.83090456833776,3.6429062478774985,401.7886806411074,314.573070063178,49.59360394124742,96.1852292183075,11.145117244553873,36.63311518627594,33.571148116783085,148.88508243581305,16.440920590775807,17.49460905435691,3.1600158609267184,32.455000436850625,22.44553173168385,104.52277037667069,4.538180743199831,0.7125899459982048,52.47285642466817,3.1994307519421827,70.92799353099596,8.283036104195439,17.21484113217447
min,,0.0,0.0,0.0,0.0,0.0,0.0,0.0,0.0,0.0,0.0,0.0,0.0,0.0,0.0,0.0,0.0,0.0,0.0,0.0,0.0,0.0,0.0,0.0,0.0,0.0,0.0,0.0,0.0,0.0,0.0,0.0,0.0,0.0,0.0,0.0,0.0,0.0,0.0,0.0,0.0,0.0,0.0,0.0,0.0,0.0,0.0,0.0,0.0,0.0,0.0,0.0,0.0,0.0,0.0,0.0
25%,,105.5,0.0,2.0,0.0,0.0,42.0,0.0,0.0,86.0,0.0,1.0,24.0,0.0,48.0,10.0,0.0,0.0,1060.0,1.0,8.0,0.0,0.0,5.0,0.0,0.0,9.5,1.0,0.0,213.0,21.5,0.0,203.5,51.0,0.0,222.0,240.5,39.0,34.0,3.0,27.0,16.0,60.5,3.0,0.0,0.0,26.0,14.0,36.0,0.0,0.0,27.5,0.0,43.0,0.0,1.0
50%,,141.0,0.0,9.0,0.0,1.0,67.0,0.0,2.0,115.0,0.0,4.0,43.0,0.0,74.0,25.0,1.0,0.0,1910.0,16.0,13.0,0.0,2.0,10.0,0.0,0.0,29.0,5.0,2.0,319.0,42.0,0.0,310.0,124.0,1.0,282.0,342.0,74.0,61.0,8.0,51.0,34.0,120.0,13.0,4.0,1.0,37.0,28.0,77.0,1.0,0.0,45.0,1.0,64.0,5.0,8.0
75%,,205.0,3.0,21.0,2.0,3.0,107.0,1.0,5.0,250.5,1.0,7.0,77.0,1.0,172.0,49.5,2.0,1.0,2355.0,35.0,20.0,0.0,6.0,29.0,0.0,0.0,45.5,8.0,5.0,531.5,69.5,0.0,461.5,242.0,3.0,537.5,409.5,104.0,160.5,14.0,67.0,60.0,190.5,20.0,9.0,2.0,49.0,44.0,209.5,4.0,0.0,75.5,3.0,105.0,9.0,21.0
max,,497.0,15.0,100.0,13.0,17.0,280.0,6.0,33.0,677.0,17.0,17.0,205.0,178.0,399.0,94.0,11.0,11.0,7930.0,70.0,44.0,4.0,20.0,67.0,3.0,33.0,204.0,31.0,96.0,2190.0,231.0,6.0,1640.0,762.0,16.0,1860.0,1560.0,215.0,347.0,67.0,178.0,148.0,720.0,78.0,74.0,16.0,160.0,92.0,373.0,23.0,5.0,329.0,14.0,384.0,72.0,98.0
