,date,HUFL,HULL,MUFL,MULL,LUFL,LULL,OT
count,17420,17420.0,17420.0,17420.0,17420.0,17420.0,17420.0,17420.0
unique,17420,,,,,,,
top,2016-07-01 00:00:00,,,,,,,
freq,1,,,,,,,
mean,,7.375141332557705,2.2422424215417096,4.300239086766587,0.8815677387633465,3.0660619981835002,0.856932145499343,13.324671589881694
std,,7.067743958957723,2.0423423070363693,6.826978212457668,1.8092934715307927,1.164505952387544,0.5995518293119517,8.566946318051135
min,,-22.70599937438965,-4.75600004196167,-25.08799934387207,-5.934000015258789,-1.187999963760376,-1.371000051498413,-4.079999923706056
25%,,5.827000141143799,0.7369999885559082,3.2960000634193416,-0.2840000092983246,2.315000057220459,0.6700000166893005,6.964000225067139
50%,,8.77400016784668,2.2100000381469727,5.96999979019165,0.9589999914169312,2.8329999446868896,0.975000023841858,11.395999908447266
75%,,11.788000106811523,3.6840000152587886,8.635000228881836,2.203000068664551,3.625,1.218000054359436,18.07900047302246
max,,23.643999099731445,10.11400032043457,17.340999603271484,7.747000217437744,8.498000144958496,3.0460000038146973,46.00699996948242
