,date,0,1,2,3,4,5,6,7,8,9,10,11,12,13,14,15,16,17,18,19,20,21,22,23,24,25,26,27,28,29,30,31,32,33,34,35,36,37,38,39,40,41,42,43,44,45,46,47,48,49,50,51,52,53,54,55,56,57,58,59,60,61,62,63,64,65,66,67,68,69,70,71,72,73,74,75,76,77,78,79,80,81,82,83,84,85,86,87,88,89,90,91,92,93,94,95,96,97,98,99,100,101,102,103,104,105,106,107,108,109,110,111,112,113,114,115,116,117,118,119,120,121,122,123,124,125,126,127,128,129,130,131,132,133,134,135,136,137,138,139,140,141,142,143,144,145,146,147,148,149,150,151,152,153,154,155,156,157,158,159,160,161,162,163,164,165,166,167,168,169,170,171,172,173,174,175,176,177,178,179,180,181,182,183,184,185,186,187,188,189,190,191,192,193,194,195,196,197,198,199,200,201,202,203,204,205,206,207,208,209,210,211,212,213,214,215,216,217,218,219,220,221,222,223,224,225,226,227,228,229,230,231,232,233,234,235,236,237,238,239,240,241,242,243,244,245,246,247,248,249,250,251,252,253,254,255,256,257,258,259,260,261,262,263,264,265,266,267,268,269,270,271,272,273,274,275,276,277,278,279,280,281,282,283,284,285,286,287,288,289,290,291,292,293,294,295,296,297,298,299,300,301,302,303,304,305,306,307,308,309,310,311,312,313,314,315,316,317,318,319,320,321,322,323,324,325,326,327,328,329,330,331,332,333,334,335,336,337,338,339,340,341,342,343,344,345,346,347,348,349,350,351,352,353,354,355,356,357,358,359,360,361,362,363,364,365,366,367,368,369,370,371,372,373,374,375,376,377,378,379,380,381,382,383,384,385,386,387,388,389,390,391,392,393,394,395,396,397,398,399,400,401,402,403,404,405,406,407,408,409,410,411,412,413,414,415,416,417,418,419,420,421,422,423,424,425,426,427,428,429,OT
count,17544,17544.0,17544.0,17544.0,17544.0,17544.0,17544.0,17544.0,17544.0,17544.0,17544.0,17544.0,17544.0,17544.0,17544.0,17544.0,17544.0,17544.0,17544.0,17544.0,17544.0,17544.0,17544.0,17544.0,17544.0,17544.0,17544.0,17544.0,17544.0,17544.0,17544.0,17544.0,17544.0,17544.0,17544.0,17544.0,17544.0,17544.0,17544.0,17544.0,17544.0,17544.0,17544.0,17544.0,17544.0,17544.0,17544.0,17544.0,17544.0,17544.0,17544.0,17544.0,17544.0,17544.0,17544.0,17544.0,17544.0,17544.0,17544.0,17544.0,17544.0,17544.0,17544.0,17544.0,17544.0,17544.0,17544.0,17544.0,17544.0,17544.0,17544.0,17544.0,17544.0,17544.0,17544.0,17544.0,17544.0,17544.0,17544.0,17544.0,17544.0,17544.0,17544.0,17544.0,17544.0,17544.0,17544.0,17544.0,17544.0,17544.0,17544.0,17544.0,17544.0,17544.0,17544.0,17544.0,17544.0,17544.0,17544.0,17544.0,17544.0,17544.0,17544.0,17544.0,17544.0,17544.0,17544.0,17544.0,17544.0,17544.0,17544.0,17544.0,17544.0,17544.0,17544.0,17544.0,17544.0,17544.0,17544.0,17544.0,17544.0,17544.0,17544.0,17544.0,17544.0,17544.0,17544.0,17544.0,17544.0,17544.0,17544.0,17544.0,17544.0,17544.0,17544.0,17544.0,17544.0,17544.0,17544.0,17544.0,17544.0,17544.0,17544.0,17544.0,17544.0,17544.0,17544.0,17544.0,17544.0,17544.0,17544.0,17544.0,17544.0,17544.0,17544.0,17544.0,17544.0,17544.0,17544.0,17544.0,17544.0,17544.0,17544.0,17544.0,17544.0,17544.0,17544.0,17544.0,17544.0,17544.0,17544.0,17544.0,17544.0,17544.0,17544.0,17544.0,17544.0,17544.0,17544.0,17544.0,17544.0,17544.0,17544.0,17544.0,17544.0,17544.0,17544.0,17544.0,17544.0,17544.0,17544.0,17544.0,17544.0,17544.0,17544.0,17544.0,17544.0,17544.0,17544.0,17544.0,17544.0,17544.0,17544.0,17544.0,17544.0,17544.0,17544.0,17544.0,17544.0,17544.0,17544.0,17544.0,17544.0,17544.0,17544.0,17544.0,17544.0,17544.0,17544.0,17544.0,17544.0,17544.0,17544.0,17544.0,17544.0,17544.0,17544.0,17544.0,17544.0,17544.0,17544.0,17544.0,17544.0,17544.0,17544.0,17544.0,17544.0,17544.0,17544.0,17544.0,17544.0,17544.0,17544.0,17544.0,17544.0,17544.0,17544.0,17544.0,17544.0,17544.0,17544.0,17544.0,17544.0,17544.0,17544.0,17544.0,17544.0,17544.0,17544.0,17544.0,17544.0,17544.0,17544.0,17544.0,17544.0,17544.0,17544.0,17544.0,17544.0,17544.0,17544.0,17544.0,17544.0,17544.0,17544.0,17544.0,17544.0,17544.0,17544.0,17544.0,17544.0,17544.0,17544.0,17544.0,17544.0,17544.0,17544.0,17544.0,17544.0,17544.0,17544.0,17544.0,17544.0,17544.0,17544.0,17544.0,17544.0,17544.0,17544.0,17544.0,17544.0,17544.0,17544.0,17544.0,17544.0,17544.0,17544.0,17544.0,17544.0,17544.0,17544.0,17544.0,17544.0,17544.0,17544.0,17544.0,17544.0,17544.0,17544.0,17544.0,17544.0,17544.0,17544.0,17544.0,17544.0,17544.0,17544.0,17544.0,17544.0,17544.0,17544.0,17544.0,17544.0,17544.0,17544.0,17544.0,17544.0,17544.0,17544.0,17544.0,17544.0,17544.0,17544.0,17544.0,17544.0,17544.0,17544.0,17544.0,17544.0,17544.0,17544.0,17544.0,17544.0,17544.0,17544.0,17544.0,17544.0,17544.0,17544.0,17544.0,17544.0,17544.0,17544.0,17544.0,17544.0,17544.0,17544.0,17544.0,17544.0,17544.0,17544.0,17544.0,17544.0,17544.0,17544.0,17544.0,17544.0,17544.0,17544.0,17544.0,17544.0,17544.0,17544.0,17544.0,17544.0,17544.0,17544.0,17544.0,17544.0,17544.0,17544.0,17544.0,17544.0,17544.0,17544.0,17544.0,17544.0,17544.0,17544.0,17544.0,17544.0,17544.0,17544.0,17544.0,17544.0,17544.0,17544.0,17544.0,17544.0,17544.0,17544.0,17544.0,17544.0,17544.0,17544.0,17544.0,17544.0,17544.0,17544.0,17544.0,17544.0,17544.0,17544.0,17544.0,17544.0,17544.0,17544.0,17544.0,17544.0,17544.0,17544.0,17544.0
unique,17544,,,,,,,,,,,,,,,,,,,,,,,,,,,,,,,,,,,,,,,,,,,,,,,,,,,,,,,,,,,,,,,,,,,,,,,,,,,,,,,,,,,,,,,,,,,,,,,,,,,,,,,,,,,,,,,,,,,,,,,,,,,,,,,,,,,,,,,,,,,,,,,,,,,,,,,,,,,,,,,,,,,,,,,,,,,,,,,,,,,,,,,,,,,,,,,,,,,,,,,,,,,,,,,,,,,,,,,,,,,,,,,,,,,,,,,,,,,,,,,,,,,,,,,,,,,,,,,,,,,,,,,,,,,,,,,,,,,,,,,,,,,,,,,,,,,,,,,,,,,,,,,,,,,,,,,,,,,,,,,,,,,,,,,,,,,,,,,,,,,,,,,,,,,,,,,,,,,,,,,,,,,,,,,,,,,,,,,,,,,,,,,,,,,,,,,,,,,,,,,,,,,,,,,,,,,,,,,,,,,,,,,,,,,,,,,
top,2016-07-01 02:00:00,,,,,,,,,,,,,,,,,,,,,,,,,,,,,,,,,,,,,,,,,,,,,,,,,,,,,,,,,,,,,,,,,,,,,,,,,,,,,,,,,,,,,,,,,,,,,,,,,,,,,,,,,,,,,,,,,,,,,,,,,,,,,,,,,,,,,,,,,,,,,,,,,,,,,,,,,,,,,,,,,,,,,,,,,,,,,,,,,,,,,,,,,,,,,,,,,,,,,,,,,,,,,,,,,,,,,,,,,,,,,,,,,,,,,,,,,,,,,,,,,,,,,,,,,,,,,,,,,,,,,,,,,,,,,,,,,,,,,,,,,,,,,,,,,,,,,,,,,,,,,,,,,,,,,,,,,,,,,,,,,,,,,,,,,,,,,,,,,,,,,,,,,,,,,,,,,,,,,,,,,,,,,,,,,,,,,,,,,,,,,,,,,,,,,,,,,,,,,,,,,,,,,,,,,,,,,,,,,,,,,,,,,,,,,,,
freq,1,,,,,,,,,,,,,,,,,,,,,,,,,,,,,,,,,,,,,,,,,,,,,,,,,,,,,,,,,,,,,,,,,,,,,,,,,,,,,,,,,,,,,,,,,,,,,,,,,,,,,,,,,,,,,,,,,,,,,,,,,,,,,,,,,,,,,,,,,,,,,,,,,,,,,,,,,,,,,,,,,,,,,,,,,,,,,,,,,,,,,,,,,,,,,,,,,,,,,,,,,,,,,,,,,,,,,,,,,,,,,,,,,,,,,,,,,,,,,,,,,,,,,,,,,,,,,,,,,,,,,,,,,,,,,,,,,,,,,,,,,,,,,,,,,,,,,,,,,,,,,,,,,,,,,,,,,,,,,,,,,,,,,,,,,,,,,,,,,,,,,,,,,,,,,,,,,,,,,,,,,,,,,,,,,,,,,,,,,,,,,,,,,,,,,,,,,,,,,,,,,,,,,,,,,,,,,,,,,,,,,,,,,,,,,,,
mean,,0.04932432740538076,0.046016330369357046,0.10586980734154126,0.056632934336525304,0.02681187300501596,0.05652572959416325,0.06288504901960784,0.06059798221614227,0.06283881098951209,0.07627482900136798,0.042895861833105335,0.05309046967624259,0.06517921226630187,0.04306390788873688,0.10030078659370725,0.08002648768809849,0.04324515503875969,0.07049562813497491,0.04445094619243046,0.05586284769721842,0.046267025763793886,0.06733168034655723,0.0405171682626539,0.10221152530779753,0.05534864341085271,0.07661552097583219,0.0585453602371181,0.061131617647058815,0.0740154582763338,0.0499718194254446,0.06598736320109438,0.072731264249886,0.06612422480620155,0.07110099749202006,0.03371979594163247,0.050158054035567716,0.028264922480620153,0.0781047765617875,0.04861804035567715,0.04581049931600547,0.03915562585499316,0.046097765617875056,0.036178647970816234,0.07795251937984497,0.05559654582763338,0.05380381326949384,0.0627814694482444,0.053744032147742815,0.06468470702234383,0.06870123119015047,0.043758572731418144,0.039499965800273595,0.07103525991792066,0.042496802325581395,0.0516046112631099,0.12748084815321475,0.07568551641586868,0.04380651504787962,0.0628516529867761,0.05266453488372093,0.06290894892840858,0.05624957250341997,0.04469240196078431,0.0666079685362517,0.05973468422252622,0.027167886456908343,0.05762411650706794,0.054578117875056995,0.050421386228910174,0.06348441062471501,0.04703065435476517,0.0655717795257638,0.031499110807113546,0.04483792749658003,0.026968963748290012,0.05028692430460556,0.062380637254901956,0.09601592567259462,0.024927861377108985,0.09584795371637027,0.03198981988144095,0.05614122777017784,0.05960864683082535,0.02907388280893753,0.0468969334245326,0.04644783401732786,0.06660330597355223,0.0771624316005472,0.05284170086639307,0.05876599977200183,0.06949449384404925,0.03898115595075239,0.031977080483356124,0.12571611377108985,0.023334365025079802,0.06400575125398998,0.04597458390332878,0.0526905494756042,0.0695000113999088,0.045190395576835386,0.03416360579115367,0.03722600889192887,0.041717903556771546,0.04670675444596443,0.05819599863201094,0.05642925786593707,0.05380252507979936,0.0550093992248062,0.06375605905152759,0.08213380072959416,0.05450957022343821,0.03167326151390789,0.04956919174646603,0.029711297309621524,0.03957020063839489,0.03999668832649339,0.05886474008207934,0.031843883948928405,0.03809828431372549,0.07325420656634747,0.0391561958504332,0.060620776333789345,0.06662283401732787,0.0812892897856817,0.07331676926584586,0.07271819995440036,0.03745587095303238,0.0415546682626539,0.03364449384404925,0.04083863429092567,0.08705842453260375,0.045700820793433655,0.08182438440492476,0.04690660054719562,0.03322146032831737,0.09430207478340173,0.043225997492020066,0.05110360237118103,0.09158961468308253,0.06205384746922025,0.04133221614227086,0.048481953944368446,0.04472909256725947,0.050620189238486095,0.05899358755129958,0.07052059963520291,0.04782110123119015,0.05877735408116734,0.051405506155950756,0.06315429206566348,0.0848999658002736,0.06112553009575924,0.04950337437300502,0.0701797366621067,0.03147061103511172,0.04813870839033287,0.029503545371637026,0.11124919630642954,0.05242138622891017,0.04486677496580027,0.06295050729594162,0.07544315435476517,0.06169203146374829,0.07395665754673963,0.08272248632010944,0.04748643980848154,0.04490003419972641,0.06031466028271772,0.07539972070223439,0.05480604765161878,0.05364624943000455,0.08923313383492933,0.04221729936160511,0.05728470132238942,0.026518684450524396,0.04339953830369357,0.024836012311901502,0.07512490310077519,0.052360214318285456,0.04653374943000456,0.08644138166894665,0.02140575125398997,0.058443792749658004,0.04133730050159599,0.04983927268581851,0.06174793091655266,0.058323369813041495,0.07019971500227999,0.04583389192886456,0.06373011285909713,0.050813280893752845,0.06670769493844048,0.04928213634290926,0.03869088007295941,0.07259798791609667,0.05484001367989056,0.08227343251253989,0.026150347697218423,0.07033976858185134,0.052692082763337894,0.05196029981760146,0.05437421340629275,0.07617284541723666,0.06901107501139991,0.04032424190606475,0.036083909028727774,0.04494319995440037,0.059630620155038755,0.05756157660738714,0.07881283059735522,0.04899968650250798,0.07245660624715002,0.08577521659826721,0.05047625968992248,0.04583074555403557,0.028569790241678068,0.06636186730506155,0.078784581623347,0.04505409256725946,0.13259205996352028,0.058713183994528045,0.07016481988144095,0.07008584701322389,0.04420833333333333,0.0379438440492476,0.0694531121751026,0.056542265161878706,0.05891767555859553,0.04638465572275422,0.1040922366621067,0.0868390617875057,0.06909636342909256,0.04806784655722754,0.04454770861833106,0.10065397856817145,0.06911450638394892,0.046503579571363425,0.03770657204742363,0.04078572161422708,0.06323665640674875,0.07184919630642954,0.0490265674874601,0.06754501823985407,0.06404288075695394,0.057141022571819425,0.054389044687642496,0.04260579115367077,0.08105102029183767,0.04916890104879161,0.08535963862289102,0.0700780095759234,0.06612102713178294,0.06977478340173278,0.061856731646146836,0.04790647514819882,0.05105255357957136,0.05580169288645691,0.050568707250342,0.04661970474236206,0.05556985294117647,0.05650500455996352,0.04486323529411765,0.0540437585499316,0.03743997378020975,0.07599969220246239,0.03432396260829913,0.08685102599179206,0.05439981190150479,0.05114459074327406,0.051727918376652984,0.08341753875968992,0.07646523027815777,0.035282683538531694,0.09708164044687642,0.05415837323301414,0.05092387710898313,0.0578141301869585,0.06433313953488372,0.09804102257181943,0.07064493274053808,0.05004277245782034,0.044232261741906066,0.023407506839945278,0.05712661878704971,0.04798377222982216,0.08381825125398996,0.08134728112175102,0.07356794915640674,0.059722634518923845,0.11408718650250799,0.0819406064751482,0.04641823985408117,0.05294659712722298,0.07782940036479707,0.06277525649794802,0.05813063725490196,0.06295881782945736,0.06262697218422253,0.054457045143638846,0.11819819881440947,0.04601636456908345,0.04834279525763794,0.024322549019607845,0.0710313725490196,0.06901822845417235,0.0711734268125855,0.03937678978568171,0.04369910510715914,0.07421500797993616,0.04549566233470133,0.08779184336525307,0.056170913132694934,0.09859139306885545,0.0592313041495668,0.06548235294117648,0.047388138394892844,0.09766428408572732,0.0862516529867761,0.11564155836753305,0.05803101915184678,0.08868617761057912,0.035793399452804374,0.052128260373917004,0.027642618559051528,0.08358425102599179,0.10124858071135431,0.14093011285909712,0.05366639876880985,0.059250883492932054,0.10318252393980848,0.0666734325125399,0.05067717738258094,0.04851426698586411,0.043215372777017785,0.10283920428636573,0.04710909142726859,0.046505033059735516,0.048161177610579115,0.07262837437300501,0.056738178294573643,0.04645861263109895,0.03899094277245782,0.06346068741450069,0.06506109781121751,0.06970012539899681,0.03118530551755586,0.07464666552667577,0.045191495668034654,0.06565711354309166,0.03610549475604195,0.078147081623347,0.037361012311901504,0.08293185704514364,0.038469009347925215,0.03576329229366165,0.053151196990424074,0.06274390674874601,0.046047132922936614,0.041457438440492475,0.05826672366621067,0.07453167464660283,0.03881535567715458,0.03459782261741906,0.06048960328317373,0.08457572389420885,0.04702333561331509,0.11568723780209758,0.047964415184678526,0.0255812699498404,0.04306469448244414,0.03960326037391701,0.049719317145462835,0.04561520747834018,0.03885188668490652,0.05565571135430917,0.05771695166438668,0.06400858413132694,0.06736298449612403,0.054246289329685365,0.051520519835841314,0.06286331509347926,0.07378473552211583,0.06814082877336981,0.04650072389420885,0.03956189010487916,0.0566546169630643,0.04509306315549476,0.07419115937072503,0.0416343479252166,0.02447877906976744,0.1042375626994984,0.06672689808481533,0.0465014819881441,0.04176198130414956,0.05319388394892841,0.05414194596443228,0.048606640446876424,0.09232660168718651,0.06283663930688554,0.08294829001367988,0.04633058025535796,0.08154906520747833,0.07108756269949842,0.05838105905152759,0.06971372549019608,0.03605450296397628,0.16907245782033742,0.02583578431372549,0.0361750227998176,0.06039555403556772,0.04963761399908801,0.04459137596899225,0.07486471158230734,0.09511511627906977,0.05001640446876425,0.054192949156406746,0.061947207022343805,0.027899846101231193,0.07388088805289557,0.08585510715914271,0.07162159712722299,0.05659274965800273,0.0540062813497492,0.03400760373917009,0.04432720588235294,0.04535507295941632,0.044721825125398997,0.08495746124031008,0.054277924076607385,0.07096454058367534,0.03153699270405837
std,,0.06246918565333845,0.04839802652739592,0.08220451682610164,0.0367456617406733,0.03587219397641239,0.06652414136500014,0.061001779035136545,0.05468882763429884,0.04347934128787907,0.0936173231792734,0.034644270804924125,0.050664811317959045,0.05413255287724236,0.03774313077927179,0.07312528563693847,0.04479508009689914,0.027810462030219512,0.05688130453298436,0.030640531579450625,0.07082263106665725,0.029754102497390238,0.0627390845711947,0.03618259781590109,0.0749431257076903,0.06429112602867573,0.058736429743117276,0.04506184193153608,0.06443352609248812,0.03540985457852155,0.03680247398329816,0.05856803571510321,0.05951685335419444,0.052032622344925936,0.0498857102109921,0.022280905558043004,0.0264879427709381,0.01914195936401488,0.04709885233566685,0.020785013856531663,0.027806315649359068,0.029305867737874816,0.05521083890113764,0.023282602896744324,0.07293718704229073,0.04154827944939878,0.06190195764428221,0.06332926883933052,0.052683373818885444,0.04014399891745675,0.040817928003553015,0.030870624581393367,0.03066048434253014,0.06270449969458379,0.03753937195562401,0.03193862260698119,0.09597345773779721,0.05446871787782643,0.03396211094834705,0.05238458690406867,0.03147528464524343,0.04071272294308871,0.06040997983458331,0.03710462115386675,0.05015878313311305,0.06067212820097021,0.021093458789830606,0.041295036301722376,0.05866521069389523,0.031028390751957378,0.07487106408376368,0.028318776558057694,0.05959782504458711,0.019256906061526385,0.0404997702520845,0.03952304588540742,0.03792390563659207,0.06057444977732302,0.09640791853069923,0.018561911639728215,0.05727698084996205,0.012984846187369798,0.048280499408683654,0.03630155275763858,0.019311209405537,0.045079730083011735,0.02896213948311019,0.05748511387957774,0.051993937766077386,0.03161940810143821,0.0622434396040913,0.047200793713807795,0.0321862015445422,0.0206360874828243,0.0814050116358591,0.028584301019905643,0.06230478805049335,0.0441373888449744,0.08776879483707682,0.07432151534336726,0.027280180745536342,0.029988384812105577,0.025920645459465697,0.023644835789338996,0.0241685258737805,0.048308237776128214,0.04966504515732616,0.04401078025125275,0.04590635932636534,0.04564725204453103,0.08062050051117005,0.032246673574648985,0.029316597486051508,0.024671149924764612,0.019088148383297966,0.048057039076311994,0.025822463326408866,0.04341748613491175,0.020357697683444306,0.017482406720445823,0.058609780254965924,0.03376237033615998,0.04218332464258262,0.04698336470384882,0.05951248126196944,0.05020172206031848,0.04132660201253753,0.02928332017003543,0.03193971338109348,0.03513911182662166,0.026526443205165867,0.07167037128556383,0.052502274350337226,0.04549981306700619,0.07663802972744571,0.029123094988325802,0.06889366925299258,0.02599945045716892,0.04462197599545725,0.06657569526066628,0.06471198457320936,0.026491050385434884,0.04223696304125773,0.030848865479111632,0.023839743424088025,0.046047768995952656,0.05256799904926297,0.040761186868366224,0.06799850747143026,0.0366778482251205,0.05325417348960299,0.07169607838280939,0.04433061917123429,0.041976453933664684,0.05351195599420876,0.03388438881963656,0.02790557253213899,0.026399073515055025,0.06431599388053057,0.04556737192607647,0.030190401982028842,0.06302038682467183,0.06364163316864922,0.05146236560983721,0.04612975668139645,0.061312195352401226,0.02827116979261321,0.043901830524071254,0.03195482299277065,0.06011005529502217,0.04585567539313906,0.04077669428551263,0.08040353704806724,0.0408263739049551,0.03925376105749221,0.02088991315165332,0.0352419938520118,0.01681779717263238,0.05640205994116283,0.03950029032324589,0.022584512011682246,0.09839406623493623,0.013930159036063467,0.05158454982175351,0.02268120849657651,0.02975526102063586,0.058171223284615235,0.03906105051230904,0.09476750802246009,0.05169563075407517,0.06478793162300042,0.03184773975283475,0.04956523721512606,0.04891404092623906,0.039355932235013415,0.057988731093853454,0.058104248407264324,0.0628184787427654,0.023705759838666476,0.06977160473589374,0.03226077325985751,0.05697903717768593,0.05349843479981485,0.05244472584404375,0.059649672536749056,0.02990427500864742,0.02370870871239393,0.03581549168616566,0.03827719036476441,0.044129758678532784,0.06653938767677353,0.03488190822504222,0.05814726505481048,0.06098123122498929,0.04063599787399106,0.019990186065986314,0.026244316446544052,0.06090642315497306,0.08273509485606384,0.023760630824160377,0.0875141982288303,0.07145595198576207,0.05317551115338424,0.05243021308059222,0.02637793177684627,0.025499475351129935,0.08672370659408692,0.05704938608155185,0.0567266748522111,0.060004009541931164,0.07591656906590011,0.09460385579912492,0.051367315034629615,0.03054834226038092,0.04859651177766176,0.05150506436188542,0.055965603498069345,0.045175481313518395,0.021491383722715217,0.03675927948481652,0.04960493145967572,0.04710109540828447,0.05930447018515533,0.04878911736486484,0.046191273523141875,0.07260848783453566,0.049876248939854914,0.05459358178249245,0.05593482827420395,0.037482219838089796,0.07485769924301619,0.05754646998688599,0.053331778483352736,0.05914027943320868,0.042107649374397926,0.032819693857119685,0.03368250275139553,0.04003771415045167,0.031322531459699425,0.026328907534253064,0.05283768257874192,0.04245489636033991,0.032661275570509504,0.05244875409599826,0.04217784846347976,0.06342847489751921,0.021828508493577373,0.06738837840422476,0.032435492850475464,0.04270355051008979,0.05664825071076009,0.05922591594957676,0.0565429836110331,0.02589240469389014,0.0902695209314205,0.05772920760600771,0.047410192920324105,0.04766847635832823,0.0853081829774876,0.10608535171443656,0.0635562354103875,0.032294815077054985,0.026821343662296254,0.03473985537156011,0.04094132874934686,0.03884186766919023,0.05961716469221791,0.05946962474158316,0.05790931494340363,0.06398750555027845,0.08195116432404324,0.05580526056429815,0.04490020839185526,0.05161245695217661,0.04170635277490544,0.0712552224770507,0.04435422492353195,0.052051003282409976,0.057251408454117414,0.045679588216617675,0.07694393862189891,0.030604059048463132,0.04242266550508291,0.013733613482709945,0.04119049149583175,0.07492603186371939,0.06247478646484763,0.043857355012739754,0.029852225411548458,0.07933683165036713,0.02595148012197406,0.08837542876910343,0.038799703692305516,0.073293887836612,0.03714499603780006,0.06238026118485809,0.05674035835837014,0.06931202470787409,0.05783521783132031,0.08622965260984612,0.057812140112593974,0.07848366547104924,0.02295534390278872,0.05502010080187056,0.025468694089380513,0.06965237087525085,0.08025089514384248,0.08545598384426938,0.03129622690893182,0.06423500122202187,0.07281521423384435,0.050689981987493186,0.05953395820303531,0.06741426223015673,0.03304292355423306,0.07708158615964616,0.0423453421529144,0.02302755055263684,0.03520707028243217,0.05306674044782346,0.05859941988582054,0.029717946416309003,0.026187630749347716,0.05783157062760581,0.05524321071101638,0.059100833213755255,0.023362602460748064,0.05872582974783836,0.0326712737341231,0.045117789074452186,0.03374782130218341,0.06274165902090945,0.04175019111587956,0.07720630541993827,0.04830932005495011,0.05571407001750826,0.038987307296652125,0.04712001616778427,0.03296968689557499,0.023906670350858906,0.04348293537831292,0.04153738122615162,0.03612183132136984,0.02931808073326089,0.053682947318401036,0.07454256607261149,0.03383915318932989,0.09232046624281573,0.028945100669795134,0.023054907489548134,0.05127900176364132,0.02481678152237893,0.023791043108022443,0.03455413289677031,0.053687142052564675,0.05811995989036225,0.0617803890061045,0.046077735983466185,0.0397373354212006,0.045347991861478754,0.05063513484133431,0.04918097071645717,0.04850209945685635,0.05616550098912584,0.03180883400943996,0.06557439084978453,0.03665621919136433,0.033447802353644036,0.07392940561188316,0.031306215939797995,0.0369703960884608,0.07735141463230168,0.07340560148988237,0.03072731286467679,0.06264625509300444,0.06799185676976606,0.0731296728568886,0.026376057012694406,0.0922554472477608,0.0614726801297956,0.06613448120554463,0.04201303343326254,0.06220582253744159,0.08833096992416906,0.07172812399758159,0.06202859911329371,0.026527084355940252,0.15725947914179128,0.026132536073547995,0.026137460190862393,0.048879396215650905,0.03979704243948932,0.027659833003964844,0.06755684448849161,0.1152069234420463,0.024757162085907676,0.024447806868162617,0.05208389172245373,0.020365052095153355,0.08446487668335768,0.046070102301587035,0.06445845730168798,0.04784482489118645,0.04220763405544766,0.03596735736069121,0.05380101300036123,0.0367869257509007,0.030592792128827866,0.06647457721498369,0.038200297890656494,0.053965585003255614,0.019453328054488416
min,,0.0,0.0,0.0,0.0,0.0,0.0,0.0,0.0,0.0,0.0,0.0,0.0,0.0,0.0,0.0,0.0,0.0,0.0,0.0,0.0,0.0,0.0,0.0,0.0,0.0,0.0,0.0,0.0,0.0,0.0,0.0,0.0,0.0,0.0,0.0,0.0,0.0,0.0,0.0,0.0,0.0,0.0,0.0,0.0,0.0,0.0,0.0,0.0,0.0,0.0,0.0,0.0,0.0,0.0,0.0,0.0,0.0,0.0,0.0,0.0,0.0,0.0,0.0,0.0,0.0,0.0,0.0,0.0,0.0,0.0,0.0,0.0,0.0,0.0,0.0,0.0,0.0,0.0,0.0,0.0,0.0,0.0,0.0,0.0,0.0,0.0,0.0,0.0,0.0,0.0,0.0,0.0,0.0,0.0,0.0,0.0,0.0,0.0,0.0,0.0,0.0,0.0,0.0,0.0,0.0,0.0,0.0,0.0,0.0,0.0,0.0,0.0,0.0,0.0,0.0,0.0,0.0,0.0,0.0,0.0,0.0,0.0,0.0,0.0,0.0,0.0,0.0,0.0,0.0,0.0,0.0,0.0,0.0,0.0,0.0,0.0,0.0,0.0,0.0,0.0,0.0,0.0,0.0,0.0,0.0,0.0,0.0,0.0,0.0,0.0,0.0,0.0,0.0,0.0,0.0,0.0,0.0,0.0,0.0,0.0,0.0,0.0,0.0,0.0,0.0,0.0,0.0,0.0,0.0,0.0,0.0,0.0,0.0,0.0,0.0,0.0,0.0,0.0,0.0,0.0,0.0,0.0,0.0,0.0,0.0,0.0,0.0,0.0,0.0,0.0,0.0,0.0,0.0,0.0,0.0,0.0,0.0,0.0,0.0,0.0,0.0,0.0,0.0,0.0,0.0,0.0,0.0,0.0,0.0,0.0,0.0,0.0,0.0,0.0,0.0,0.0,0.0,0.0,0.0,0.0,0.0,0.0,0.0,0.0,0.0,0.0,0.0,0.0,0.0,0.0,0.0,0.0,0.0,0.0,0.0,0.0,0.0,0.0,0.0,0.0,0.0,0.0,0.0,0.0,0.0,0.0,0.0,0.0,0.0,0.0,0.0,0.0,0.0,0.0,0.0,0.0,0.0,0.0,0.0,0.0,0.0,0.0,0.0,0.0,0.0,0.0,0.0,0.0,0.0,0.0,0.0,0.0,0.0,0.0,0.0,0.0,0.0,0.0,0.0,0.0,0.0,0.0,0.0,0.0,0.0,0.0,0.0,0.0,0.0,0.0,0.0,0.0,0.0,0.0,0.0,0.0,0.0,0.0,0.0,0.0,0.0,0.0,0.0,0.0,0.0,0.0,0.0,0.0,0.0,0.0,0.0,0.0,0.0,0.0,0.0,0.0,0.0,0.0,0.0,0.0,0.0,0.0,0.0,0.0,0.0,0.0,0.0,0.0,0.0,0.0,0.0,0.0,0.0,0.0,0.0,0.0,0.0,0.0,0.0,0.0,0.0,0.0,0.0,0.0,0.0,0.0,0.0,0.0,0.0,0.0,0.0,0.0,0.0,0.0,0.0,0.0,0.0,0.0,0.0,0.0,0.0,0.0,0.0,0.0,0.0,0.0,0.0,0.0,0.0,0.0,0.0,0.0,0.0,0.0,0.0,0.0,0.0,0.0,0.0,0.0,0.0,0.0,0.0,0.0,0.0,0.0,0.0,0.0,0.0,0.0,0.0,0.0,0.0,0.0,0.0,0.0,0.0,0.0,0.0,0.0,0.0,0.0,0.0,0.0,0.0,0.0,0.0,0.0,0.0,0.0,0.0,0.0,0.0,0.0,0.0,0.0,0.0,0.0,0.0,0.0,0.0,0.0,0.0,0.0,0.0,0.0,0.0,0.0,0.0,0.0,0.0
25%,,0.0089,0.0181,0.0356,0.0268,0.007875,0.0139,0.02,0.0211,0.0254,0.0166,0.0156,0.0231,0.0296,0.0121,0.0345,0.047275,0.020075,0.0249,0.018,0.0133,0.0154,0.0167,0.0098,0.0375,0.0153,0.0315,0.0252,0.0212,0.0427,0.0262,0.020475,0.0343,0.0254,0.0351,0.015,0.0231,0.009,0.0388,0.0349,0.0154,0.0154,0.0077,0.0126,0.0353,0.0269,0.0156,0.03,0.0175,0.0316,0.0305,0.0213,0.0143,0.0201,0.019,0.0249,0.0444,0.03,0.015,0.024274999999999998,0.0243,0.0267,0.0161,0.011,0.023174999999999998,0.013975,0.0078,0.0254,0.0158,0.0227,0.0155,0.0238,0.0208,0.0147,0.0147,0.01,0.0187,0.0209,0.0248,0.0085,0.0441,0.0201,0.021,0.0278,0.010374999999999999,0.0128,0.0226,0.0235,0.0362,0.0251,0.0172,0.0295,0.0115,0.0112,0.0715,0.0079,0.0253,0.0145,0.0076,0.0178,0.0182,0.0085,0.0105,0.0185,0.0275,0.017275,0.018,0.0202,0.0218,0.0298,0.029675,0.03,0.0129,0.0281,0.0159,0.0111,0.018,0.0226,0.0136,0.0244,0.0271,0.0133,0.028175,0.0269,0.0328,0.0237,0.0368,0.0149,0.0136,0.0084,0.0172,0.029974999999999998,0.0138,0.0382,0.0069,0.0162,0.033,0.0228,0.0187,0.0273,0.013274999999999999,0.0168,0.0134,0.022,0.0314,0.0246,0.0346,0.015175000000000001,0.0185,0.0196,0.0224,0.0309,0.0289,0.0113,0.0339,0.0103,0.0268,0.0134,0.0546,0.0226,0.019,0.0235,0.0375,0.0222,0.0341,0.0401,0.024,0.0104,0.0349,0.0305,0.0238,0.025,0.0313,0.0157,0.019,0.0124,0.0176,0.0052,0.033,0.0223,0.0285,0.0239,0.0077,0.025,0.0237,0.0205,0.0215,0.0201,0.0239,0.0157,0.0269,0.0191,0.031,0.0149,0.0112,0.0273,0.0154,0.0353,0.0089,0.018975,0.0232,0.010275,0.0193,0.0338,0.0244,0.014275,0.0128,0.0205,0.0284,0.0242,0.0296,0.0169,0.0313,0.0355,0.0138,0.0325,0.0106,0.021374999999999998,0.0215,0.0277,0.0529,0.0159,0.0335,0.0317,0.0246,0.0193,0.0193,0.024,0.0211,0.0144,0.0442,0.020874999999999998,0.0277,0.0266,0.0167,0.0602,0.027875,0.0113,0.021,0.0114,0.020075,0.0305,0.0148,0.0212,0.0262,0.0122,0.018,0.0091,0.0283,0.023075,0.0288,0.025,0.0315,0.0257,0.0273,0.0213,0.0201,0.016175,0.0221,0.0281,0.0217,0.0184,0.015275,0.0122,0.0166,0.0287,0.0144,0.0348,0.0214,0.019575,0.0166,0.0403,0.0287,0.01,0.0293,0.0147,0.017,0.0238,0.0114,0.0242,0.0258,0.0193,0.0228,0.0079,0.0225,0.0191,0.0371,0.0386,0.0296,0.020375,0.0405,0.0376,0.0147,0.0206,0.0397,0.0219,0.0306,0.0217,0.026875,0.0179,0.057,0.0151,0.0142,0.0101,0.0364,0.0267,0.0319,0.0165,0.0191,0.023,0.0221,0.0287,0.0254,0.0301,0.0262,0.0245,0.012,0.0421,0.0392,0.0403,0.0146,0.0311,0.0152,0.0187,0.0096,0.0329,0.0381,0.071,0.0284,0.0176,0.044675,0.0262,0.0153,0.0111,0.0125,0.0345,0.0158,0.0261,0.0137,0.0303,0.0103,0.0173,0.021,0.0159,0.0155,0.0244,0.0076,0.0324,0.0154,0.0239,0.0073,0.0328,0.0045,0.0255,0.0144,0.0112,0.0235,0.0249,0.0138,0.017575,0.025,0.0363,0.015075,0.0076,0.0213,0.025,0.0166,0.0465,0.0258,0.0089,0.0138,0.0213,0.0331,0.0136,0.0109,0.0106,0.015,0.0258,0.0338,0.0228,0.0191,0.0312,0.0333,0.0275,0.018,0.0055,0.0253,0.0187,0.0229,0.0156,0.0076,0.0511,0.0225,0.018375,0.0118,0.0102,0.0087,0.0274,0.0313,0.0225,0.0322,0.0269,0.0342,0.0062,0.0192,0.0268,0.0121,0.0404,0.0066,0.0116,0.0176,0.019,0.015175000000000001,0.0251,0.0274,0.0279,0.032,0.0207,0.0081,0.0255,0.039474999999999996,0.0264,0.02,0.0149,0.0137,0.0152,0.02,0.0256,0.0278,0.0261,0.0235,0.0125
50%,,0.0463,0.0368,0.081,0.06,0.019,0.0418,0.0482,0.055,0.0595,0.0555,0.0409,0.0482,0.0623,0.0382,0.0922,0.0892,0.0421,0.0622,0.0416,0.0451,0.0493,0.0593,0.0375,0.0813,0.0361,0.07235,0.0551,0.0516,0.0797,0.04995,0.05615,0.0601,0.0623,0.0681,0.0342,0.0569,0.03,0.0789,0.05185,0.0493,0.0393,0.033,0.03955,0.0676,0.0421,0.0408,0.0522,0.0483,0.0679,0.071,0.0456,0.0414,0.065,0.0453,0.0558,0.10314999999999999,0.0653,0.0464,0.0608,0.05625,0.0677,0.052,0.0438,0.0624,0.0547,0.0278,0.0566,0.0445,0.0493,0.0427,0.0498,0.0565,0.03,0.03895,0.0145,0.0481,0.0538,0.0692,0.0251,0.098,0.0344,0.0482,0.0642,0.0313,0.042749999999999996,0.0466,0.0602,0.0712,0.0537,0.0502,0.0695,0.0341,0.0391,0.1164,0.0169,0.0477,0.0409,0.0289,0.0513,0.0497,0.0322,0.0379,0.0452,0.0475,0.0559,0.0492,0.04915,0.0488,0.06445000000000001,0.0632,0.0577,0.0286,0.0508,0.0315,0.0282,0.0424,0.0554,0.0323,0.0435,0.07014999999999999,0.0374,0.0629,0.0651,0.0781,0.0762,0.0754,0.0361,0.0372,0.0342,0.0397,0.0749,0.038,0.0832,0.0296,0.0345,0.0864,0.0453,0.0506,0.0907,0.0497,0.0419,0.0426,0.0458,0.0536,0.0565,0.0681,0.045950000000000005,0.0515,0.0516,0.0575,0.0731,0.0615,0.0469,0.0695,0.0241,0.0507,0.0244,0.1046,0.0488,0.0434,0.0588,0.0641,0.06,0.0776,0.0743,0.05055,0.0398,0.0681,0.0674,0.0521,0.0531,0.0672,0.0399,0.0549,0.02275,0.04235,0.0316,0.0729,0.05185,0.0495,0.0588,0.023350000000000003,0.0521,0.0456,0.0495,0.0591,0.0624,0.0387,0.04615,0.0511,0.0568,0.0684,0.0434,0.0346,0.0668,0.0477,0.0732,0.0208,0.0502,0.053,0.04145,0.0479,0.0731,0.0628,0.0389,0.0395,0.0428,0.0566,0.0572,0.0666,0.05305,0.0633,0.08274999999999999,0.0451,0.0482,0.0246,0.0621,0.0689,0.045,0.12415000000000001,0.0392,0.0708,0.0642,0.0459,0.0395,0.04665,0.0432,0.0511,0.034,0.0983,0.0534,0.073,0.0446,0.0337,0.0982,0.0583,0.0398,0.0411,0.0373,0.0603,0.0739,0.0435,0.066,0.062,0.0403,0.0509,0.0328,0.0809,0.0482,0.0718,0.0595,0.066,0.0603,0.0627,0.0481,0.0546,0.0568,0.0537,0.0449,0.0504,0.0573,0.0438,0.0469,0.0301,0.06795000000000001,0.035,0.0744,0.0586,0.0485,0.045950000000000005,0.0762,0.0807,0.0367,0.0757,0.0448,0.0482,0.0471,0.0396,0.0667,0.0668,0.0495,0.0447,0.0184,0.0572,0.0483,0.074,0.0685,0.0654,0.0426,0.10655,0.078,0.0352,0.04765,0.0842,0.053,0.05405,0.0547,0.051,0.0506,0.1103,0.0493,0.0428,0.0279,0.0719,0.0498,0.063,0.0274,0.0409,0.0597,0.0463,0.0664,0.0571,0.0916,0.0642,0.0527,0.0425,0.0901,0.0771,0.0976,0.04795,0.0756,0.038849999999999996,0.0488,0.0248,0.0689,0.0791,0.1318,0.061,0.0452,0.0917,0.06465,0.0408,0.0383,0.0436,0.0875,0.0455,0.0465,0.0501,0.0741,0.0465,0.0499,0.0407,0.0529,0.0629,0.0638,0.0306,0.071,0.0424,0.066,0.0319,0.07064999999999999,0.0269,0.064,0.0293,0.0263,0.0524,0.0588,0.0549,0.0444,0.0572,0.0799,0.0381,0.0326,0.0545,0.0753,0.0449,0.0922,0.0489,0.0208,0.0292,0.0417,0.0461,0.0438,0.027,0.0446,0.0441,0.0663,0.0682,0.0499,0.042,0.0589,0.0674,0.067,0.0495,0.0246,0.0591,0.0474,0.0571,0.0363,0.0163,0.0894,0.0432,0.0503,0.0277,0.0358,0.036,0.0545,0.0617,0.0531,0.0774,0.04235,0.0779,0.0444,0.0408,0.0603,0.0432,0.0947,0.0232,0.0363,0.0565,0.0501,0.049049999999999996,0.0674,0.0661,0.0557,0.0566,0.0549,0.0284,0.0506,0.09204999999999999,0.0619,0.05495,0.0496,0.028,0.0316,0.0328,0.0442,0.0768,0.054,0.0637,0.0341
75%,,0.0599,0.0537,0.1755,0.0747,0.0243,0.0554,0.0725,0.0737,0.0815,0.0848,0.0556,0.064,0.0801,0.0566,0.132,0.1,0.063,0.095125,0.0611,0.0621,0.0682,0.0853,0.0557,0.171125,0.0674,0.0977,0.0722,0.0705,0.0969,0.0618,0.0759,0.0845,0.0862,0.0933,0.0448,0.0703,0.0426,0.1099,0.0623,0.0682,0.0506,0.0499,0.0542,0.0849,0.081,0.0643,0.069,0.0686,0.0843,0.0974,0.0612,0.0576,0.0899,0.0577,0.0669,0.1988,0.113125,0.0632,0.0735,0.0739,0.0847,0.068925,0.067,0.0859,0.0738,0.039,0.0748,0.0627,0.0742,0.0741,0.0584,0.0776,0.0451,0.0648,0.024925,0.0643,0.0711,0.1009,0.0341,0.1295,0.0411,0.0668,0.0786,0.0445,0.0589,0.0638,0.0768,0.1073,0.0741,0.0701,0.0928,0.0561,0.0495,0.141,0.0236,0.0653,0.0555,0.0426,0.0805,0.0689,0.0481,0.0579,0.0616,0.0651,0.0837,0.0758,0.0737,0.0709,0.0805,0.0924,0.0725,0.0407,0.0644,0.0391,0.0425,0.0564,0.0809,0.0463,0.0506,0.0909,0.0502,0.0802,0.0916,0.1062,0.1064,0.0996,0.0488,0.0652,0.0462,0.0551,0.1151,0.053,0.1169,0.0463,0.0447,0.122,0.0611,0.0647,0.1342,0.0753,0.0618,0.0618,0.0624,0.0688,0.0705,0.091,0.0628,0.0675,0.0696,0.0727,0.1004,0.0761,0.0743,0.0864,0.033225000000000005,0.0623,0.0402,0.162,0.0618,0.0601,0.0709,0.0836,0.0826,0.0995,0.0996,0.0671,0.0554,0.079,0.095,0.0674,0.0716,0.105825,0.0518,0.0875,0.0377,0.0579,0.0394,0.0992,0.0691,0.0625,0.07932499999999999,0.0328,0.0725,0.0558,0.0746,0.0762,0.0874,0.0571,0.06,0.0713,0.0774,0.0829,0.0602,0.0519,0.0848,0.0604,0.1013,0.0329,0.0804,0.077,0.060625,0.0624,0.1018,0.086725,0.0629,0.0552,0.056325,0.0822,0.0747,0.0902,0.0709,0.0816,0.1097,0.0709,0.057,0.0394,0.0863,0.0972,0.062,0.1945,0.0642,0.088825,0.0879,0.0603,0.0492,0.0755,0.0601,0.0676,0.0502,0.1322,0.091725,0.0893,0.0591,0.0512,0.1335,0.0894,0.0609,0.0497,0.059925,0.0853,0.0983,0.0572,0.1001,0.0898,0.0667,0.0665,0.0469,0.1155,0.0572,0.0916,0.081425,0.0794,0.0774,0.0794,0.067,0.075125,0.0844,0.0688,0.0642,0.0624,0.083,0.0597,0.07,0.0421,0.0922,0.0486,0.1032,0.0779,0.0656,0.0666,0.1079,0.1004,0.0514,0.1116,0.0593,0.0675,0.0708,0.0656,0.0924,0.0842,0.075025,0.0577,0.0318,0.0779,0.0611,0.11612499999999999,0.092,0.0915,0.0594,0.16142499999999999,0.1046,0.0528,0.0605,0.1128,0.0703,0.0742,0.0839,0.0702,0.0744,0.1523,0.0679,0.0667,0.0364,0.0955,0.0706,0.0812,0.0394,0.0656,0.0755,0.0629,0.0905,0.0729,0.14152499999999998,0.0793,0.0754,0.0584,0.1216,0.1263,0.1775,0.0707,0.0961,0.0528,0.0586,0.037,0.0985,0.13092499999999999,0.1883,0.0746,0.0626,0.1559,0.0846,0.0558,0.0502,0.0617,0.1678,0.0596,0.0626,0.075,0.0955,0.0679,0.0676,0.0521,0.081325,0.0881,0.0878,0.0493,0.0882,0.061,0.0999,0.0521,0.0931,0.0443,0.0967,0.0486,0.0377,0.0704,0.0873,0.0727,0.0611,0.0783,0.106,0.0483,0.0487,0.0773,0.1168,0.0688,0.1526,0.0616,0.0327,0.0447,0.0553,0.0664,0.06332499999999999,0.0344,0.0651,0.0666,0.0835,0.0937,0.0657,0.0595,0.073,0.099025,0.0848,0.0688,0.0374,0.0765,0.0609,0.08752499999999999,0.0631,0.0223,0.1334,0.0696,0.0708,0.0422,0.0561,0.0533,0.0636,0.0961,0.0693,0.1046,0.0534,0.1041,0.090325,0.0605,0.0785,0.0549,0.272725,0.0343,0.057025,0.0797,0.0647,0.0688,0.0911,0.0909,0.071,0.0716,0.0776,0.0414,0.0672,0.1261,0.0811,0.0775,0.0851,0.0389,0.045,0.0689,0.0587,0.1089,0.0686,0.096,0.0467
max,,0.4747,0.45,0.4201,0.4947,0.4069,0.5101,0.362,0.4925,0.3664,0.6983,0.2756,0.4877,0.6176,0.5124,0.5309,0.491,0.3623,0.4245,0.4651,0.5132,0.2204,0.4363,0.3496,0.5368,0.4302,0.4509,0.3974,0.6283,0.3049,0.4036,0.4884,0.4907,0.3937,0.4889,0.4617,0.3984,0.185,0.522,0.3269,0.1537,0.2124,0.4407,0.2167,0.4664,0.3443,0.5362,0.4038,0.4956,0.3942,0.321,0.5422,0.4668,0.4449,0.5397,0.2718,0.5927,0.4377,0.4636,0.4122,0.3666,0.3554,0.4441,0.4363,0.2973,0.5459,0.3562,0.3975,0.4244,0.2727,0.576,0.2313,0.3925,0.1536,0.3129,0.5697,0.3196,0.4356,0.5824,0.3355,0.4107,0.1884,0.4487,0.2431,0.2863,0.448,0.2145,0.4163,0.4121,0.4547,0.5149,0.4144,0.3123,0.3546,0.7179,0.4195,0.3232,0.3277,0.5063,0.4445,0.2477,0.2692,0.2415,0.5857,0.3525,0.5156,0.4775,0.5578,0.3513,0.4375,0.4909,0.3699,0.4538,0.335,0.4315,0.5389,0.4474,0.4109,0.1469,0.4588,0.4737,0.2807,0.4617,0.4048,0.4542,0.5103,0.3979,0.2532,0.3714,0.432,0.4828,0.4381,0.4832,0.3305,0.5012,0.4617,0.4845,0.4388,0.3775,0.4481,0.4293,0.2885,0.3396,0.3936,0.4501,0.3732,0.4422,0.3129,0.5573,0.3946,0.4227,0.57,0.5064,0.5383,0.5295,0.3437,0.491,0.4055,0.4055,0.3911,0.4518,0.5267,0.5018,0.4922,0.4701,0.6415,0.2857,0.382,0.4003,0.4515,0.4162,0.537,0.5624,0.3767,0.3772,0.215,0.333,0.0689,0.5341,0.4385,0.5251,0.5998,0.0527,0.5039,0.4077,0.2879,0.4553,0.3677,0.4846,0.6172,0.5335,0.3251,0.4797,0.3628,0.3292,0.5028,0.4192,0.5338,0.4705,0.5324,0.2143,0.4222,0.3896,0.3717,0.4636,0.5375,0.303,0.3114,0.4715,0.5291,0.5534,0.4955,0.4034,0.5922,0.3469,0.3321,0.4013,0.4661,0.566,0.464,0.5919,0.575,0.6007,0.4479,0.3961,0.4184,0.6417,0.5088,0.5436,0.4866,0.6296,0.4653,0.4479,0.208,0.4404,0.4616,0.4154,0.5367,0.4178,0.4276,0.4983,0.4457,0.5177,0.4772,0.3913,0.4523,0.3886,0.4196,0.3545,0.3064,0.5375,0.3397,0.5769,0.39,0.3785,0.4135,0.4806,0.3451,0.2681,0.4093,0.6151,0.6261,0.1951,0.5452,0.4708,0.464,0.19,0.4227,0.1313,0.5234,0.5918,0.4915,0.43,0.3302,0.5715,0.3172,0.4008,0.3564,0.5609,0.5742,0.5453,0.3959,0.2946,0.5558,0.3213,0.2968,0.5018,0.4323,0.4539,0.4293,0.4603,0.4484,0.4233,0.3881,0.2679,0.5221,0.4891,0.5012,0.5063,0.2963,0.5397,0.2688,0.455,0.0767,0.5872,0.572,0.5765,0.4085,0.4145,0.6054,0.2373,0.6729,0.3754,0.4327,0.3622,0.4774,0.5181,0.4988,0.5315,0.5326,0.4408,0.5623,0.5204,0.4763,0.3067,0.4694,0.6156,0.5834,0.2488,0.3903,0.4832,0.4181,0.506,0.5223,0.3236,0.5157,0.4395,0.3143,0.4842,0.5744,0.5647,0.3771,0.3978,0.4408,0.4285,0.4224,0.1751,0.4329,0.3636,0.3792,0.4447,0.5133,0.5506,0.4647,0.5583,0.5267,0.4586,0.3946,0.5204,0.1668,0.5013,0.5649,0.3675,0.1816,0.4258,0.5861,0.3584,0.5937,0.2942,0.4237,0.3681,0.5,0.3673,0.2917,0.6036,0.4384,0.3727,0.422,0.4226,0.4056,0.4437,0.4998,0.4092,0.5547,0.3326,0.592,0.3717,0.3949,0.4339,0.4241,0.4319,0.5329,0.5186,0.5162,0.5318,0.5149,0.4773,0.3937,0.4641,0.5086,0.4921,0.5177,0.4936,0.5539,0.5213,0.5051,0.4491,0.5971,0.3123,0.3067,0.3898,0.3736,0.1583,0.4943,0.5559,0.352,0.2815,0.4672,0.2007,0.4517,0.2536,0.4941,0.4148,0.3873,0.3142,0.3597,0.3541,0.3243,0.3996,0.4514,0.5474,0.2174
